comp_id,ad_blocked,embed,ratio,duration,language,partner,partner_active,n_likes,n_tags,n_formats,dayofweek,hour
3001,FALSE,TRUE,1.33333,1675,2,FALSE,FALSE,0,10,2,2,3
3002,FALSE,TRUE,1.33333,1479,2,FALSE,FALSE,0,10,2,2,3
3003,FALSE,TRUE,1.33333,1505,2,FALSE,FALSE,0,10,2,2,3
3004,FALSE,TRUE,1.77778,50,2,TRUE,TRUE,1,6,5,2,3
3005,FALSE,TRUE,1.33333,1543,2,FALSE,FALSE,0,6,2,2,3
3006,FALSE,TRUE,1.77778,68,2,TRUE,TRUE,0,2,5,2,3
3007,FALSE,TRUE,1.33333,1559,2,FALSE,FALSE,0,4,2,2,3
3008,FALSE,TRUE,1.33333,1613,2,FALSE,FALSE,0,7,2,2,3
3009,FALSE,TRUE,1.33333,1476,2,FALSE,FALSE,0,6,2,2,3
3010,FALSE,TRUE,1.33333,233,2,FALSE,FALSE,0,6,3,2,3
3011,FALSE,TRUE,1.25,1551,5,TRUE,FALSE,0,0,3,2,3
3012,FALSE,TRUE,1.33333,1343,2,FALSE,FALSE,0,10,2,2,3
3013,FALSE,TRUE,1.77778,86,2,TRUE,TRUE,0,3,5,2,3
3014,FALSE,TRUE,1.33333,1424,2,FALSE,FALSE,0,9,2,2,3
3015,FALSE,TRUE,1.33333,1500,2,FALSE,FALSE,0,10,2,2,3
3016,FALSE,TRUE,1.77778,89,2,FALSE,FALSE,0,1,2,2,2
3017,FALSE,TRUE,1.77778,212,2,TRUE,TRUE,0,3,5,2,2
3018,FALSE,TRUE,1.33333,1656,2,FALSE,FALSE,0,10,2,2,2
3019,FALSE,TRUE,1.33333,1719,2,FALSE,FALSE,0,10,2,2,2
3020,FALSE,TRUE,1.33333,71,2,FALSE,FALSE,0,10,3,2,2
3021,FALSE,FALSE,1.22222,638,2,FALSE,FALSE,0,0,2,2,2
3022,FALSE,FALSE,1.22222,637,2,FALSE,FALSE,0,0,2,2,2
3023,FALSE,TRUE,1.77778,44,2,FALSE,FALSE,0,5,4,2,2
3024,FALSE,TRUE,1.77778,61,2,TRUE,TRUE,0,3,5,2,2
3025,FALSE,TRUE,1.33333,488,2,FALSE,FALSE,0,0,5,2,2
3026,FALSE,TRUE,1.77778,66,2,TRUE,TRUE,0,5,5,2,2
3027,FALSE,TRUE,1.77778,12627,2,TRUE,FALSE,0,0,2,2,2
3028,FALSE,TRUE,1.77778,211,4,FALSE,FALSE,0,0,4,2,2
3029,FALSE,FALSE,1.33333,572,2,FALSE,FALSE,0,0,2,2,2
3030,FALSE,FALSE,1.33333,572,2,FALSE,FALSE,0,0,2,2,2
3031,FALSE,FALSE,1.33333,569,2,FALSE,FALSE,0,0,2,2,2
3032,FALSE,FALSE,1.22222,609,2,FALSE,FALSE,0,0,2,2,2
3033,FALSE,FALSE,1.22222,612,2,FALSE,FALSE,0,0,2,2,2
3034,FALSE,TRUE,1.77778,1163,2,TRUE,FALSE,0,0,4,2,2
3035,FALSE,TRUE,1.77778,220,2,FALSE,FALSE,0,5,2,2,2
3036,FALSE,TRUE,1.76667,383,2,FALSE,FALSE,0,2,3,2,2
3037,FALSE,TRUE,1.77778,5765,2,TRUE,FALSE,0,0,2,2,2
3038,FALSE,TRUE,1.33333,383,2,FALSE,FALSE,0,0,3,2,2
3039,FALSE,FALSE,1.22222,629,2,FALSE,FALSE,0,0,2,2,2
3040,FALSE,FALSE,1.22222,627,2,FALSE,FALSE,0,0,2,2,2
3041,FALSE,TRUE,1.77778,1309,2,TRUE,FALSE,0,0,4,2,2
3042,FALSE,TRUE,1.77778,8371,2,TRUE,FALSE,0,0,2,2,1
3043,FALSE,TRUE,1.77778,4575,2,TRUE,FALSE,1,0,4,2,1
3044,FALSE,FALSE,1.8,665,2,FALSE,FALSE,0,0,2,2,1
3045,FALSE,FALSE,1.8,660,2,FALSE,FALSE,0,0,2,2,1
3046,FALSE,FALSE,1.22222,612,2,FALSE,FALSE,0,0,2,2,1
3047,FALSE,FALSE,1.22222,611,2,FALSE,FALSE,0,0,2,2,1
3048,FALSE,TRUE,1.77778,860,2,TRUE,FALSE,0,0,4,2,1
3049,FALSE,FALSE,1.22222,633,2,FALSE,FALSE,0,0,2,2,1
3050,FALSE,FALSE,1.22222,630,2,FALSE,FALSE,0,0,2,2,1
3051,FALSE,TRUE,1.77778,40,2,TRUE,FALSE,0,3,4,2,1
3052,FALSE,TRUE,1.33333,56,2,FALSE,FALSE,0,4,3,2,1
3053,FALSE,TRUE,1.77778,1175,2,TRUE,FALSE,0,0,4,2,1
3054,FALSE,TRUE,1.18889,480,2,TRUE,FALSE,0,0,4,2,1
3055,FALSE,TRUE,1.77778,536,2,TRUE,FALSE,0,0,4,2,1
3056,FALSE,TRUE,1.77778,1085,2,TRUE,FALSE,0,0,4,2,1
3057,FALSE,TRUE,1.77778,607,2,TRUE,FALSE,0,0,4,2,1
3058,FALSE,FALSE,1.8,649,2,FALSE,FALSE,0,0,2,2,1
3059,FALSE,FALSE,1.8,649,2,FALSE,FALSE,0,0,2,2,1
3060,FALSE,FALSE,1.8,445,2,FALSE,FALSE,0,0,2,2,1
3061,FALSE,FALSE,1.8,443,2,FALSE,FALSE,0,0,2,2,1
3062,FALSE,TRUE,1.73077,60,2,FALSE,FALSE,0,1,3,2,1
3063,FALSE,TRUE,1.33333,48,2,FALSE,FALSE,0,1,3,2,1
3064,FALSE,TRUE,1.33333,340,2,FALSE,FALSE,0,4,4,2,0
3065,FALSE,TRUE,1.33333,189,2,FALSE,FALSE,0,0,2,2,0
3066,FALSE,TRUE,1.77778,121,2,FALSE,FALSE,0,10,2,2,0
3067,FALSE,TRUE,1.25,2125,5,TRUE,FALSE,0,0,3,2,0
3068,FALSE,TRUE,1.25,34,2,FALSE,FALSE,0,1,3,2,0
3069,FALSE,TRUE,1.25,35,2,FALSE,FALSE,0,1,3,2,0
3070,FALSE,TRUE,1.25,35,2,FALSE,FALSE,0,1,3,2,0
3071,FALSE,TRUE,1.25,34,2,FALSE,FALSE,0,1,3,2,0
3072,FALSE,TRUE,1.25,34,2,FALSE,FALSE,0,1,3,2,0
3073,FALSE,TRUE,1.33333,38,10,FALSE,FALSE,0,5,3,2,0
3074,FALSE,TRUE,1.33333,1158,2,FALSE,FALSE,0,0,2,2,0
3075,FALSE,TRUE,1.48837,57,2,FALSE,FALSE,0,2,2,2,0
3076,FALSE,TRUE,1.33333,265,3,FALSE,FALSE,3,2,2,2,0
3077,FALSE,TRUE,1.77778,2078,3,FALSE,FALSE,0,10,2,2,0
3078,FALSE,TRUE,1.8,62,2,FALSE,FALSE,0,8,2,2,0
3079,FALSE,TRUE,1.33333,1157,2,FALSE,FALSE,0,0,2,1,23
3080,FALSE,TRUE,1.33333,1223,2,FALSE,FALSE,0,0,3,1,23
3081,FALSE,TRUE,1.33333,53,2,FALSE,FALSE,0,1,3,1,23
3082,FALSE,TRUE,1.33333,1159,2,FALSE,FALSE,1,0,2,1,23
3083,FALSE,TRUE,1.33333,274,5,FALSE,FALSE,0,1,2,1,23
3084,FALSE,TRUE,1.73077,46,2,FALSE,FALSE,0,1,3,1,23
3085,FALSE,TRUE,1.33333,2337,5,FALSE,FALSE,0,1,2,1,23
3086,FALSE,TRUE,1.77778,82,2,FALSE,FALSE,0,5,4,1,23
3087,FALSE,TRUE,1.76667,127,2,FALSE,FALSE,0,7,3,1,23
3088,FALSE,TRUE,1.77778,160,2,FALSE,FALSE,0,10,4,1,23
3089,FALSE,TRUE,1.33333,1155,2,FALSE,FALSE,0,0,2,1,23
3090,FALSE,TRUE,1.33333,239,2,FALSE,FALSE,0,10,2,1,23
3091,FALSE,TRUE,1.33333,1766,5,FALSE,FALSE,0,1,2,1,23
3092,FALSE,TRUE,1.33333,2428,2,FALSE,FALSE,0,0,3,1,23
3093,FALSE,TRUE,1.33333,2412,2,FALSE,FALSE,0,0,3,1,23
3094,FALSE,TRUE,1.33333,2383,2,FALSE,FALSE,0,0,3,1,23
3095,FALSE,TRUE,1.33333,2440,2,FALSE,FALSE,0,0,3,1,23
3096,FALSE,TRUE,1.33333,2547,2,FALSE,FALSE,0,0,3,1,23
3097,FALSE,TRUE,1.33333,2384,2,FALSE,FALSE,0,0,3,1,23
3098,FALSE,TRUE,1.33333,2408,2,FALSE,FALSE,0,0,3,1,23
3099,FALSE,TRUE,1.33333,2462,2,FALSE,FALSE,0,0,3,1,23
3100,FALSE,TRUE,1.33333,2484,2,FALSE,FALSE,0,0,3,1,23
3101,FALSE,TRUE,1.33333,2460,2,FALSE,FALSE,0,0,3,1,22
3102,FALSE,TRUE,1.33333,2355,2,FALSE,FALSE,0,0,3,1,22
3103,FALSE,TRUE,1.33333,2381,2,FALSE,FALSE,0,0,3,1,22
3104,FALSE,TRUE,1.33333,1391,2,FALSE,FALSE,0,0,3,1,22
3105,FALSE,TRUE,1.33333,2409,2,FALSE,FALSE,0,0,3,1,22
3106,FALSE,TRUE,1.33333,2500,2,FALSE,FALSE,0,0,3,1,22
3107,FALSE,TRUE,1.33333,2391,2,FALSE,FALSE,0,0,3,1,22
3108,FALSE,TRUE,1.77778,25,2,FALSE,FALSE,0,3,3,1,22
3109,FALSE,TRUE,1.33333,2376,2,FALSE,FALSE,0,0,3,1,22
3110,FALSE,TRUE,1.33333,2408,2,FALSE,FALSE,0,0,3,1,22
3111,FALSE,TRUE,1.77778,151,2,FALSE,FALSE,0,6,2,1,22
3112,FALSE,TRUE,1.33333,2487,2,FALSE,FALSE,0,0,3,1,22
3113,FALSE,TRUE,1.33333,2433,2,FALSE,FALSE,0,0,3,1,22
3114,FALSE,TRUE,1.33333,2391,2,FALSE,FALSE,0,0,3,1,22
3115,FALSE,TRUE,1.33333,2398,2,FALSE,FALSE,0,0,3,1,22
3116,FALSE,TRUE,1.33333,1362,2,FALSE,FALSE,0,0,3,1,22
3117,FALSE,TRUE,1.33333,2434,2,FALSE,FALSE,0,0,3,1,22
3118,FALSE,TRUE,1.33333,2517,2,FALSE,FALSE,0,0,3,1,22
3119,FALSE,TRUE,1.33333,2571,2,FALSE,FALSE,0,0,3,1,22
3120,FALSE,TRUE,1.33333,304,2,FALSE,FALSE,0,7,3,1,22
3121,FALSE,TRUE,1.33333,1052,2,FALSE,FALSE,0,0,3,1,22
3122,FALSE,TRUE,1.33333,1250,2,FALSE,FALSE,0,0,3,1,22
3123,FALSE,TRUE,1.33333,1255,2,FALSE,FALSE,0,0,3,1,22
3124,FALSE,TRUE,1.33333,2056,2,FALSE,FALSE,0,0,3,1,22
3125,FALSE,TRUE,1.33333,2425,2,FALSE,FALSE,0,0,3,1,22
3126,FALSE,TRUE,1.77778,42,2,FALSE,FALSE,0,6,4,1,22
3127,FALSE,TRUE,1.33333,1137,2,FALSE,FALSE,0,0,3,1,22
3128,FALSE,TRUE,1.33333,1101,2,FALSE,FALSE,0,0,3,1,22
3129,FALSE,TRUE,1.33333,1064,2,FALSE,FALSE,0,0,3,1,22
3130,FALSE,TRUE,1.77778,211,2,FALSE,FALSE,0,10,2,1,22
3131,FALSE,TRUE,1.77778,78,2,FALSE,FALSE,0,2,2,1,22
3132,FALSE,TRUE,1.5,67,2,FALSE,FALSE,0,3,3,1,22
3133,FALSE,TRUE,1.77778,94,2,FALSE,FALSE,0,10,2,1,22
3134,FALSE,TRUE,1.33333,79,2,FALSE,FALSE,0,3,2,1,22
3135,FALSE,TRUE,1.22222,264,2,FALSE,FALSE,0,10,2,1,22
3136,FALSE,TRUE,1.77778,178,2,FALSE,FALSE,0,5,4,1,22
3137,FALSE,TRUE,1.33333,1726,2,FALSE,FALSE,0,0,3,1,21
3138,FALSE,TRUE,1.33333,18,10,FALSE,FALSE,0,11,2,1,21
3139,FALSE,TRUE,1.33333,1592,2,FALSE,FALSE,0,0,3,1,21
3140,FALSE,TRUE,1.33333,1714,2,FALSE,FALSE,0,0,3,1,21
3141,FALSE,TRUE,1.33333,1511,2,FALSE,FALSE,0,0,3,1,21
3142,FALSE,TRUE,1.33333,1524,2,FALSE,FALSE,0,0,3,1,21
3143,FALSE,TRUE,1.77778,329,2,FALSE,FALSE,0,10,4,1,21
3144,FALSE,TRUE,1.77778,171,2,FALSE,FALSE,0,7,4,1,21
3145,FALSE,TRUE,1.77778,663,2,FALSE,FALSE,0,10,4,1,21
3146,FALSE,TRUE,1.77778,167,4,FALSE,FALSE,0,0,4,1,21
3147,FALSE,TRUE,1.77778,50,2,FALSE,FALSE,0,10,4,1,21
3148,FALSE,TRUE,1.76471,124,2,FALSE,FALSE,0,9,2,1,21
3149,FALSE,TRUE,1.77778,68,2,FALSE,FALSE,2,0,4,1,21
3150,FALSE,TRUE,1.33333,1459,2,FALSE,FALSE,2,5,3,1,21
3151,FALSE,TRUE,1.77778,49,2,FALSE,FALSE,0,10,4,1,21
3152,FALSE,TRUE,1.77778,47,2,FALSE,FALSE,0,10,4,1,21
3153,FALSE,TRUE,1.77778,50,2,FALSE,FALSE,0,10,4,1,21
3154,FALSE,TRUE,1.77778,60,5,FALSE,FALSE,1,9,4,1,21
3155,FALSE,TRUE,1.77778,49,2,FALSE,FALSE,0,10,4,1,21
3156,FALSE,TRUE,1.77778,48,2,FALSE,FALSE,0,10,4,1,21
3157,FALSE,TRUE,1.76471,211,2,FALSE,FALSE,0,9,2,1,21
3158,FALSE,TRUE,1.31579,1386,2,FALSE,FALSE,0,1,2,1,21
3159,FALSE,TRUE,1.77778,44,2,FALSE,FALSE,0,10,4,1,21
3160,FALSE,TRUE,1.77778,48,2,FALSE,FALSE,0,10,4,1,21
3161,FALSE,TRUE,1.73077,383,2,FALSE,FALSE,0,7,2,1,21
3162,FALSE,TRUE,1.77778,44,2,FALSE,FALSE,0,10,4,1,21
3163,FALSE,TRUE,1.77778,47,2,FALSE,FALSE,0,10,4,1,21
3164,FALSE,TRUE,1.77778,43,2,FALSE,FALSE,0,10,4,1,21
3165,FALSE,TRUE,1.77778,48,2,FALSE,FALSE,0,10,4,1,20
3166,FALSE,TRUE,1.77778,45,2,FALSE,FALSE,0,10,4,1,20
3167,FALSE,TRUE,1.77778,41,2,FALSE,FALSE,0,10,4,1,20
3168,FALSE,TRUE,1.77778,49,2,FALSE,FALSE,0,10,4,1,20
3169,FALSE,TRUE,1.77778,43,2,FALSE,FALSE,0,10,4,1,20
3170,FALSE,TRUE,1.33333,181,2,FALSE,FALSE,0,6,3,1,20
3171,FALSE,TRUE,1.33333,56,2,FALSE,FALSE,0,10,4,1,20
3172,FALSE,TRUE,1.77273,172,2,FALSE,FALSE,0,4,4,1,20
3173,FALSE,TRUE,1.77273,112,2,FALSE,FALSE,0,4,4,1,20
3174,FALSE,TRUE,1.77778,138,2,FALSE,FALSE,0,0,2,1,20
3175,FALSE,TRUE,1.77778,141,2,FALSE,FALSE,0,1,4,1,20
3176,FALSE,TRUE,1.77273,179,2,FALSE,FALSE,0,6,4,1,20
3177,FALSE,TRUE,1.76471,44,2,TRUE,TRUE,0,8,2,1,20
3178,FALSE,TRUE,1.76471,35,2,TRUE,TRUE,0,9,2,1,20
3179,FALSE,TRUE,1.76471,43,2,TRUE,TRUE,0,9,2,1,20
3180,FALSE,TRUE,1.76471,31,2,TRUE,TRUE,0,6,2,1,20
3181,FALSE,TRUE,1.76471,36,2,TRUE,TRUE,0,9,2,1,20
3182,FALSE,TRUE,1.76471,32,2,TRUE,TRUE,0,8,2,1,20
3183,FALSE,TRUE,1.76,28,2,FALSE,FALSE,0,1,3,1,20
3184,FALSE,TRUE,2.46154,536,2,FALSE,FALSE,0,0,2,1,20
3185,FALSE,TRUE,1.33333,44,2,TRUE,FALSE,0,2,2,1,20
3186,FALSE,TRUE,1.77778,1870,2,FALSE,FALSE,0,0,2,1,20
3187,FALSE,TRUE,1.33333,227,2,FALSE,FALSE,0,0,2,1,20
3188,FALSE,TRUE,1.77778,324,2,TRUE,FALSE,0,9,4,1,20
3189,FALSE,TRUE,1.77778,215,2,FALSE,FALSE,0,1,4,1,20
3190,FALSE,TRUE,1.77778,2867,2,TRUE,TRUE,0,2,2,1,20
3191,FALSE,TRUE,1.77778,110,2,FALSE,FALSE,0,1,4,1,19
3192,FALSE,TRUE,1.77778,1935,2,TRUE,TRUE,0,4,4,1,19
3193,FALSE,TRUE,1.77778,36,2,FALSE,FALSE,0,4,2,1,19
3194,FALSE,TRUE,1.77778,1279,2,FALSE,FALSE,0,3,2,1,19
3195,FALSE,TRUE,1.33333,57,2,FALSE,FALSE,0,8,2,1,19
3196,FALSE,TRUE,2.46154,2250,2,FALSE,FALSE,0,0,2,1,19
3197,FALSE,TRUE,1.76667,144,2,FALSE,FALSE,0,8,3,1,19
3198,FALSE,TRUE,2.46154,2252,2,FALSE,FALSE,0,0,2,1,19
3199,FALSE,TRUE,1.33333,623,2,FALSE,FALSE,0,10,3,1,19
3200,FALSE,TRUE,2.46154,2252,2,FALSE,FALSE,0,0,2,1,19
3201,FALSE,TRUE,1.77778,56,2,FALSE,FALSE,0,10,4,1,19
3202,FALSE,TRUE,1.77778,84,2,FALSE,FALSE,0,7,4,1,19
3203,FALSE,TRUE,1.33333,486,2,FALSE,FALSE,0,9,3,1,19
3204,FALSE,TRUE,1.77778,84,2,FALSE,FALSE,0,8,4,1,18
3205,FALSE,TRUE,1.77778,304,2,FALSE,FALSE,0,8,4,1,18
3206,FALSE,TRUE,2.35294,44,2,FALSE,FALSE,0,7,4,1,18
3207,FALSE,TRUE,1.77273,149,2,FALSE,FALSE,0,4,4,1,18
3208,FALSE,TRUE,1.77778,77,2,FALSE,FALSE,0,2,4,1,18
3209,FALSE,TRUE,1.76667,101,2,FALSE,FALSE,0,10,3,1,18
3210,FALSE,TRUE,1.76667,103,2,FALSE,FALSE,0,5,3,1,18
3211,FALSE,TRUE,1.77778,231,2,FALSE,FALSE,0,10,4,1,18
3212,FALSE,TRUE,1.33333,21,2,FALSE,FALSE,0,1,3,1,18
3213,FALSE,TRUE,1.33333,33,2,FALSE,FALSE,1,2,3,1,18
3214,FALSE,TRUE,1.77778,77,2,FALSE,FALSE,0,3,4,1,18
3215,FALSE,TRUE,1.77778,87,2,FALSE,FALSE,0,9,2,1,18
3216,FALSE,TRUE,1.33333,31,2,FALSE,FALSE,0,3,2,1,18
3217,FALSE,TRUE,1.77778,92,2,FALSE,FALSE,0,3,4,1,18
3218,FALSE,TRUE,1.77778,171,2,FALSE,FALSE,0,6,4,1,18
3219,FALSE,TRUE,1.77778,849,2,FALSE,FALSE,0,10,4,1,18
3220,FALSE,TRUE,1.77778,218,2,FALSE,FALSE,0,10,4,1,18
3221,FALSE,TRUE,1.25,1265,4,TRUE,FALSE,0,10,3,1,18
3222,FALSE,TRUE,1.76667,133,2,FALSE,FALSE,0,6,3,1,18
3223,FALSE,TRUE,1.72414,123,2,FALSE,FALSE,0,0,2,1,18
3224,FALSE,TRUE,1.77778,40,2,FALSE,FALSE,0,4,4,1,18
3225,FALSE,TRUE,1.77778,207,2,TRUE,TRUE,0,10,2,1,18
3226,FALSE,TRUE,1.77778,342,2,TRUE,FALSE,0,10,4,1,18
3227,FALSE,TRUE,1.77778,218,2,TRUE,TRUE,0,10,2,1,18
3228,FALSE,TRUE,1.77778,188,2,TRUE,TRUE,0,0,2,1,18
3229,FALSE,TRUE,1.77778,201,2,TRUE,TRUE,0,10,2,1,17
3230,FALSE,TRUE,1.77778,296,2,TRUE,FALSE,0,10,4,1,17
3231,FALSE,TRUE,1.77778,453,2,FALSE,FALSE,0,0,4,1,17
3232,FALSE,TRUE,1.33333,176,2,TRUE,FALSE,0,0,4,1,17
3233,FALSE,TRUE,1.33333,242,2,TRUE,FALSE,0,0,4,1,17
3234,FALSE,TRUE,1.33333,343,2,TRUE,FALSE,0,0,4,1,17
3235,FALSE,TRUE,1.77778,369,2,TRUE,FALSE,0,0,4,1,17
3236,FALSE,TRUE,1.33333,361,2,TRUE,FALSE,0,0,3,1,17
3237,FALSE,TRUE,1.77778,184,2,TRUE,FALSE,0,0,4,1,17
3238,FALSE,TRUE,1.33333,247,2,TRUE,FALSE,0,0,4,1,17
3239,FALSE,TRUE,1.76471,556,2,TRUE,FALSE,0,0,2,1,17
3240,FALSE,TRUE,1.77778,315,2,TRUE,FALSE,0,0,4,1,17
3241,FALSE,TRUE,1.77778,212,2,FALSE,FALSE,0,0,4,1,17
3242,FALSE,TRUE,1.77778,203,2,FALSE,FALSE,0,5,4,1,17
3243,FALSE,TRUE,1.77778,352,2,TRUE,FALSE,0,0,4,1,17
3244,FALSE,TRUE,1.76471,492,2,TRUE,FALSE,0,0,2,1,17
3245,FALSE,TRUE,1.77778,195,2,FALSE,FALSE,0,7,4,1,17
3246,FALSE,TRUE,1.77778,289,2,TRUE,FALSE,0,0,4,1,17
3247,FALSE,TRUE,1.77273,190,2,FALSE,FALSE,0,4,4,1,17
3248,FALSE,TRUE,1.77778,263,2,TRUE,FALSE,0,0,4,1,17
3249,FALSE,TRUE,1.77778,402,2,TRUE,FALSE,0,0,4,1,17
3250,FALSE,TRUE,1.77778,251,2,FALSE,FALSE,0,0,4,1,17
3251,FALSE,TRUE,1.77778,409,2,FALSE,FALSE,0,0,4,1,17
3252,FALSE,TRUE,1.77778,101,2,FALSE,FALSE,0,0,4,1,17
3253,FALSE,TRUE,1.77778,40,2,FALSE,FALSE,0,0,4,1,17
3254,FALSE,TRUE,1.76667,3849,2,TRUE,TRUE,0,0,3,1,17
3255,FALSE,TRUE,1.76667,3580,2,TRUE,TRUE,1,0,3,1,17
3256,FALSE,TRUE,1.77778,219,2,FALSE,FALSE,0,0,4,1,17
3257,FALSE,TRUE,1.77778,22,2,FALSE,FALSE,0,0,4,1,17
3258,FALSE,TRUE,1.77778,153,2,FALSE,FALSE,0,0,2,1,17
3259,FALSE,TRUE,1.76471,419,2,FALSE,FALSE,0,9,2,1,17
3260,FALSE,TRUE,1.76471,518,2,FALSE,FALSE,0,10,2,1,17
3261,FALSE,TRUE,1.77778,259,2,FALSE,FALSE,0,0,2,1,17
3262,FALSE,TRUE,1.77778,184,2,FALSE,FALSE,1,6,4,1,16
3263,FALSE,TRUE,1.33333,270,2,FALSE,FALSE,0,0,1,1,16
3264,FALSE,TRUE,1.77778,501,2,FALSE,FALSE,0,0,4,1,16
3265,FALSE,TRUE,1.77778,190,2,FALSE,FALSE,0,0,4,1,16
3266,FALSE,TRUE,1.76,2880,2,FALSE,FALSE,0,7,3,1,16
3267,FALSE,TRUE,1.77778,120,2,FALSE,FALSE,0,5,4,1,16
3268,FALSE,TRUE,1.33333,1128,2,TRUE,FALSE,0,6,3,1,16
3269,FALSE,TRUE,1.33333,961,3,FALSE,FALSE,0,3,2,1,16
3270,FALSE,TRUE,1.77778,1743,2,FALSE,FALSE,0,0,2,1,16
3271,FALSE,TRUE,1.33333,893,2,FALSE,FALSE,0,0,2,1,16
3272,FALSE,TRUE,1.76,1790,2,FALSE,FALSE,0,7,3,1,16
3273,FALSE,TRUE,1.76667,97,2,FALSE,FALSE,1,8,3,1,16
3274,FALSE,TRUE,1.76667,107,2,FALSE,FALSE,0,7,3,1,16
3275,FALSE,TRUE,1.77778,140,2,FALSE,FALSE,0,7,4,1,16
3276,FALSE,TRUE,1.33333,25,2,FALSE,FALSE,1,0,3,1,16
3277,FALSE,TRUE,1.33333,1887,2,FALSE,FALSE,0,2,3,1,16
3278,FALSE,TRUE,1.76,892,2,FALSE,FALSE,0,7,3,1,16
3279,FALSE,TRUE,1.33333,93,2,FALSE,FALSE,0,3,3,1,16
3280,FALSE,TRUE,1.33333,1610,2,FALSE,FALSE,0,2,3,1,16
3281,FALSE,TRUE,1.33333,154,2,FALSE,FALSE,0,1,3,1,16
3282,FALSE,TRUE,1.33333,1546,2,FALSE,FALSE,0,2,3,1,15
3283,FALSE,TRUE,1.31667,107,2,FALSE,FALSE,0,7,3,1,15
3284,FALSE,TRUE,1.33333,1482,2,FALSE,FALSE,0,2,3,1,15
3285,FALSE,TRUE,1.33333,1451,2,FALSE,FALSE,0,2,3,1,15
3286,FALSE,TRUE,1.33333,1354,2,FALSE,FALSE,0,2,3,1,15
3287,FALSE,TRUE,1.33333,1354,2,FALSE,FALSE,0,2,3,1,15
3288,FALSE,TRUE,1.33333,1450,2,FALSE,FALSE,0,2,3,1,15
3289,FALSE,TRUE,1.33333,1355,2,FALSE,FALSE,0,2,3,1,15
3290,FALSE,TRUE,1.33333,1354,2,FALSE,FALSE,0,2,3,1,15
3291,FALSE,TRUE,1.33333,1356,2,FALSE,FALSE,0,2,3,1,15
3292,FALSE,TRUE,1.33333,1354,2,FALSE,FALSE,0,2,3,1,15
3293,FALSE,TRUE,1.33333,249,2,FALSE,FALSE,0,4,3,1,15
3294,FALSE,TRUE,1.76,1001,2,FALSE,FALSE,0,7,3,1,15
3295,FALSE,TRUE,1.77273,201,2,TRUE,FALSE,1,4,4,1,15
3296,FALSE,TRUE,1.25,247,7,FALSE,FALSE,0,8,2,1,15
3297,FALSE,TRUE,1.77778,261,2,FALSE,FALSE,0,7,2,1,15
3298,FALSE,TRUE,1.77778,63,2,FALSE,FALSE,0,3,4,1,15
3299,FALSE,TRUE,1.77778,65,2,FALSE,FALSE,0,6,4,1,15
3300,FALSE,TRUE,1.33333,237,2,FALSE,FALSE,0,3,4,1,15
3301,FALSE,TRUE,1.77778,287,2,FALSE,FALSE,0,0,4,1,14
3302,FALSE,TRUE,1.5,166,2,FALSE,FALSE,0,0,3,1,14
3303,FALSE,TRUE,1.6,591,2,FALSE,FALSE,0,4,4,1,14
3304,FALSE,TRUE,1.25,37,4,FALSE,FALSE,0,0,2,1,14
3305,FALSE,TRUE,1.77778,31,2,FALSE,FALSE,0,4,4,1,14
3306,FALSE,TRUE,1.33333,24,2,FALSE,FALSE,0,9,2,1,14
3307,FALSE,TRUE,1.77778,754,2,FALSE,FALSE,0,1,2,1,14
3308,FALSE,TRUE,1.77778,236,2,TRUE,FALSE,0,10,5,1,14
3309,FALSE,TRUE,1.33333,86,4,FALSE,FALSE,0,0,3,1,14
3310,FALSE,TRUE,1.77778,27,2,FALSE,FALSE,0,0,2,1,14
3311,FALSE,TRUE,1.33333,69,2,FALSE,FALSE,0,7,3,1,14
3312,FALSE,TRUE,1.77778,176,2,FALSE,FALSE,0,0,4,1,14
3313,FALSE,TRUE,1.77778,98,5,TRUE,TRUE,0,0,4,1,14
3314,FALSE,TRUE,1.77778,117,5,TRUE,TRUE,0,0,4,1,14
3315,FALSE,TRUE,1.77778,79,2,FALSE,FALSE,0,4,4,1,14
3316,FALSE,TRUE,1.77778,270,2,TRUE,FALSE,0,0,4,1,14
3317,FALSE,TRUE,1.76471,1772,2,FALSE,FALSE,0,0,3,1,14
3318,FALSE,TRUE,1.33333,701,2,FALSE,FALSE,0,0,2,1,14
3319,FALSE,TRUE,1.76667,3272,2,FALSE,FALSE,0,0,3,1,14
3320,FALSE,TRUE,1.76471,1714,2,FALSE,FALSE,0,0,3,1,13
3321,FALSE,TRUE,1.76471,1790,2,FALSE,FALSE,0,0,3,1,13
3322,FALSE,TRUE,1.76471,1771,2,FALSE,FALSE,0,0,3,1,13
3323,FALSE,TRUE,1.76471,1416,2,FALSE,FALSE,0,0,3,1,13
3324,FALSE,TRUE,1.77778,80,2,FALSE,FALSE,0,4,2,1,13
3325,FALSE,TRUE,1.77778,161,2,FALSE,FALSE,0,7,2,1,13
3326,FALSE,TRUE,1.77778,116,2,FALSE,FALSE,0,0,4,1,13
3327,FALSE,TRUE,1.77778,407,2,TRUE,FALSE,0,10,4,1,13
3328,FALSE,TRUE,1.77778,509,2,TRUE,FALSE,0,10,4,1,13
3329,FALSE,TRUE,1.5,281,2,TRUE,FALSE,0,0,2,1,13
3330,FALSE,TRUE,1.77778,1358,2,TRUE,TRUE,0,2,4,1,13
3331,FALSE,TRUE,1.73077,215,2,FALSE,FALSE,0,9,3,1,13
3332,FALSE,TRUE,1.77778,306,2,TRUE,FALSE,0,10,4,1,13
3333,FALSE,TRUE,1.77778,160,5,TRUE,TRUE,0,0,4,1,13
3334,FALSE,TRUE,1.73913,164,2,FALSE,FALSE,0,0,2,1,13
3335,FALSE,TRUE,1.77778,54,2,FALSE,FALSE,0,6,4,1,13
3336,FALSE,TRUE,1.33333,199,2,FALSE,FALSE,0,8,3,1,13
3337,FALSE,TRUE,1.33333,86,4,FALSE,FALSE,0,4,3,1,13
3338,FALSE,TRUE,1.77778,96,4,TRUE,FALSE,0,1,2,1,13
3339,FALSE,TRUE,1.77778,334,2,FALSE,FALSE,0,12,4,1,12
3340,FALSE,TRUE,1.76667,51,2,FALSE,FALSE,0,10,3,1,12
3341,FALSE,TRUE,1.77778,59,2,FALSE,FALSE,0,1,4,1,12
3342,FALSE,TRUE,1.76667,190,2,FALSE,FALSE,0,10,3,1,12
3343,FALSE,TRUE,1.33333,98,1,FALSE,FALSE,0,8,3,1,12
3344,FALSE,TRUE,1.77778,158,2,TRUE,TRUE,0,10,2,1,12
3345,FALSE,TRUE,1.5,706,2,FALSE,FALSE,0,0,3,1,12
3346,FALSE,TRUE,1.77778,163,2,TRUE,TRUE,0,10,2,1,12
3347,FALSE,TRUE,1.77778,191,2,FALSE,FALSE,0,0,4,1,12
3348,FALSE,TRUE,1.33333,1813,5,TRUE,FALSE,1,4,3,1,12
3349,FALSE,TRUE,1.33333,799,4,FALSE,FALSE,0,10,3,1,12
3350,FALSE,TRUE,1.77778,513,4,TRUE,FALSE,0,8,3,1,12
3351,FALSE,TRUE,1.33333,2230,4,FALSE,FALSE,0,10,3,1,11
3352,FALSE,TRUE,1.33333,189,2,FALSE,FALSE,0,0,2,1,11
3353,FALSE,TRUE,1.76667,41,2,FALSE,FALSE,0,3,4,1,11
3354,FALSE,TRUE,1.77778,131,4,TRUE,FALSE,0,8,2,1,11
3355,FALSE,TRUE,1.46667,72,2,FALSE,FALSE,0,2,2,1,11
3356,FALSE,TRUE,1.77778,572,2,FALSE,FALSE,0,4,4,1,11
3357,FALSE,TRUE,1.33333,1710,2,FALSE,FALSE,0,5,2,1,11
3358,FALSE,TRUE,1.77778,1289,2,FALSE,FALSE,0,1,2,1,11
3359,FALSE,TRUE,1.77778,2043,5,FALSE,FALSE,0,0,2,1,11
3360,FALSE,TRUE,1.33333,1795,5,TRUE,FALSE,0,8,3,1,11
3361,FALSE,TRUE,1.77778,167,2,FALSE,FALSE,0,7,2,1,11
3362,FALSE,TRUE,1.33333,173,3,FALSE,FALSE,0,1,2,1,11
3363,FALSE,TRUE,1.33333,2302,2,TRUE,FALSE,0,0,2,1,11
3364,FALSE,TRUE,1.33333,2301,2,TRUE,FALSE,0,0,2,1,11
3365,FALSE,TRUE,1.77778,56,2,FALSE,FALSE,0,11,4,1,11
3366,FALSE,TRUE,1.77778,117,2,FALSE,FALSE,0,7,2,1,11
3367,FALSE,TRUE,2.28571,221,2,FALSE,FALSE,0,6,2,1,11
3368,FALSE,TRUE,1.76667,301,2,FALSE,FALSE,0,0,3,1,11
3369,FALSE,TRUE,1.76471,250,2,FALSE,FALSE,0,2,2,1,11
3370,FALSE,TRUE,1.77778,122,2,FALSE,FALSE,0,6,4,1,10
3371,FALSE,TRUE,1.77778,504,8,FALSE,FALSE,0,8,2,1,10
3372,FALSE,TRUE,1.76,20,2,FALSE,FALSE,0,2,3,1,10
3373,FALSE,TRUE,1.76667,115,2,FALSE,FALSE,0,0,3,1,10
3374,FALSE,TRUE,1.76667,184,2,FALSE,FALSE,0,0,3,1,10
3375,FALSE,TRUE,1.33333,435,2,FALSE,FALSE,0,10,2,1,10
3376,FALSE,TRUE,1.77778,158,2,FALSE,FALSE,0,5,4,1,10
3377,FALSE,TRUE,1.76667,201,2,FALSE,FALSE,0,0,3,1,10
3378,FALSE,TRUE,1.33333,171,2,FALSE,FALSE,0,0,3,1,10
3379,FALSE,TRUE,1.77778,116,2,FALSE,FALSE,0,7,2,1,10
3380,FALSE,TRUE,1.76667,111,2,FALSE,FALSE,0,1,3,1,10
3381,FALSE,TRUE,1.33333,1896,5,TRUE,FALSE,0,8,3,1,10
3382,FALSE,TRUE,1.76667,128,2,FALSE,FALSE,0,0,3,1,10
3383,FALSE,TRUE,1.33333,426,5,TRUE,FALSE,0,10,3,1,10
3384,FALSE,TRUE,1.77778,54,2,FALSE,FALSE,1,5,4,1,10
3385,FALSE,TRUE,1.33333,476,5,TRUE,FALSE,0,10,3,1,10
3386,FALSE,TRUE,1.73913,1123,5,FALSE,FALSE,0,0,2,1,10
3387,FALSE,TRUE,1.76667,278,2,FALSE,FALSE,0,0,3,1,10
3388,FALSE,TRUE,1.33333,2,2,FALSE,FALSE,0,3,2,1,10
3389,FALSE,TRUE,1.33333,41,2,FALSE,FALSE,0,7,3,1,10
3390,FALSE,TRUE,1.6,108,2,FALSE,FALSE,0,3,4,1,10
3391,FALSE,TRUE,1.33333,516,5,TRUE,FALSE,0,10,3,1,10
3392,FALSE,TRUE,1.77778,7,2,FALSE,FALSE,0,10,4,1,10
3393,FALSE,TRUE,1.33333,396,5,TRUE,FALSE,0,8,3,1,10
3394,FALSE,FALSE,1.33333,653,2,FALSE,FALSE,0,0,3,1,10
3395,FALSE,TRUE,1.76667,219,2,FALSE,FALSE,0,0,3,1,10
3396,FALSE,FALSE,1.33333,654,2,FALSE,FALSE,0,0,3,1,10
3397,FALSE,FALSE,1.33333,653,2,FALSE,FALSE,0,0,3,1,10
3398,FALSE,FALSE,1.33333,655,2,FALSE,FALSE,0,0,3,1,10
3399,FALSE,TRUE,1.77778,8,2,FALSE,FALSE,0,9,4,1,10
3400,FALSE,TRUE,1.33333,2215,2,TRUE,FALSE,0,0,2,1,10
3401,FALSE,TRUE,1.76667,14,2,FALSE,FALSE,0,0,3,1,10
3402,FALSE,FALSE,1.77778,37,2,TRUE,TRUE,0,10,4,1,10
3403,FALSE,TRUE,1.77778,11,2,FALSE,FALSE,0,9,4,1,9
3404,FALSE,TRUE,1.76667,325,2,FALSE,FALSE,0,0,3,1,9
3405,FALSE,TRUE,1.25,20,4,FALSE,FALSE,0,0,2,1,9
3406,FALSE,TRUE,1.77778,986,2,FALSE,FALSE,0,5,2,1,9
3407,FALSE,TRUE,1.77778,210,2,TRUE,TRUE,0,10,5,1,9
3408,FALSE,TRUE,1.77778,213,2,TRUE,TRUE,0,10,5,1,9
3409,FALSE,TRUE,1.77778,7,2,FALSE,FALSE,0,10,4,1,9
3410,FALSE,TRUE,1.76667,274,2,FALSE,FALSE,0,1,3,1,9
3411,FALSE,FALSE,1.77778,48,2,TRUE,TRUE,0,10,4,1,9
3412,FALSE,FALSE,1.77778,36,2,TRUE,TRUE,0,10,4,1,9
3413,FALSE,TRUE,1.77778,588,2,FALSE,FALSE,0,0,4,1,9
3414,FALSE,TRUE,1.76667,181,2,FALSE,FALSE,0,1,3,1,9
3415,FALSE,TRUE,1.77778,685,2,FALSE,FALSE,0,5,2,1,9
3416,FALSE,TRUE,1.77778,536,2,FALSE,FALSE,0,5,2,1,9
3417,FALSE,TRUE,1.77778,483,2,FALSE,FALSE,0,0,4,1,9
3418,FALSE,TRUE,1.77778,11,2,FALSE,FALSE,0,10,4,1,9
3419,FALSE,TRUE,1.76667,105,2,FALSE,FALSE,0,1,3,1,9
3420,FALSE,TRUE,1.77778,492,2,FALSE,FALSE,0,0,4,1,9
3421,FALSE,TRUE,1.33333,300,2,FALSE,FALSE,0,3,3,1,9
3422,FALSE,TRUE,1.77778,295,2,FALSE,FALSE,0,10,2,1,9
3423,FALSE,TRUE,1.77778,295,2,FALSE,FALSE,0,10,2,1,9
3424,FALSE,TRUE,1.33333,2000,8,FALSE,FALSE,0,2,2,1,9
3425,FALSE,TRUE,1.77778,92,2,FALSE,FALSE,0,10,2,1,9
3426,FALSE,TRUE,1.77778,567,2,FALSE,FALSE,0,0,4,1,9
3427,FALSE,TRUE,1.77778,291,2,FALSE,FALSE,0,3,4,1,9
3428,FALSE,TRUE,1.77778,173,2,FALSE,FALSE,0,7,2,1,9
3429,FALSE,TRUE,1.77778,136,2,FALSE,FALSE,0,7,2,1,9
3430,FALSE,TRUE,1.77778,154,2,FALSE,FALSE,0,7,2,1,9
3431,FALSE,TRUE,1.77778,315,2,FALSE,FALSE,0,0,4,1,9
3432,FALSE,TRUE,1.77778,120,2,FALSE,FALSE,0,7,2,1,9
3433,FALSE,TRUE,1.33333,166,2,FALSE,FALSE,0,3,2,1,8
3434,FALSE,TRUE,1.77778,179,2,FALSE,FALSE,1,10,4,1,8
3435,FALSE,TRUE,1.78261,60,2,FALSE,FALSE,0,7,3,1,8
3436,FALSE,TRUE,1.33333,152,7,FALSE,FALSE,0,9,2,1,8
3437,FALSE,TRUE,1.33333,104,2,FALSE,FALSE,0,10,2,1,7
3438,FALSE,TRUE,1.33333,162,7,FALSE,FALSE,0,9,2,1,7
3439,FALSE,TRUE,1.77778,176,4,FALSE,FALSE,0,0,4,1,7
3440,FALSE,TRUE,1.76471,134,2,FALSE,FALSE,0,4,2,1,7
3441,FALSE,TRUE,1.77778,328,2,FALSE,FALSE,0,6,4,1,7
3442,FALSE,TRUE,1.33333,104,2,FALSE,FALSE,0,10,2,1,7
3443,FALSE,TRUE,1.77778,254,2,FALSE,FALSE,0,9,4,1,7
3444,FALSE,TRUE,1.33333,165,7,FALSE,FALSE,0,9,2,1,7
3445,FALSE,TRUE,1.33333,1261,2,FALSE,FALSE,1,0,3,1,7
3446,FALSE,TRUE,1.33333,1805,2,FALSE,FALSE,0,0,3,1,7
3447,FALSE,TRUE,1.33333,156,7,FALSE,FALSE,0,9,2,1,7
3448,FALSE,TRUE,1.77778,320,2,FALSE,FALSE,0,5,4,1,7
3449,FALSE,TRUE,1.33333,80,2,FALSE,FALSE,0,10,3,1,7
3450,FALSE,TRUE,1.33333,166,7,FALSE,FALSE,0,9,2,1,7
3451,FALSE,TRUE,1.33333,1113,10,FALSE,FALSE,0,0,3,1,7
3452,FALSE,TRUE,1.33333,236,7,FALSE,FALSE,0,9,2,1,7
3453,FALSE,TRUE,1.77778,54,2,FALSE,FALSE,0,6,4,1,7
3454,FALSE,TRUE,1.25,46,4,FALSE,FALSE,0,0,2,1,7
3455,FALSE,TRUE,1.25,373,4,FALSE,FALSE,0,10,3,1,7
3456,FALSE,TRUE,1.25,46,4,FALSE,FALSE,0,0,2,1,7
3457,FALSE,TRUE,1.33333,779,10,FALSE,FALSE,0,0,3,1,7
3458,FALSE,TRUE,1.77778,7,2,FALSE,FALSE,0,4,4,1,7
3459,FALSE,TRUE,1.33333,738,10,FALSE,FALSE,0,0,3,1,7
3460,FALSE,TRUE,1.25,293,4,FALSE,FALSE,0,10,3,1,7
3461,FALSE,TRUE,1.33333,33,2,FALSE,FALSE,0,2,3,1,6
3462,FALSE,TRUE,1.33333,33,2,FALSE,FALSE,0,2,3,1,6
3463,FALSE,TRUE,1.33333,807,10,FALSE,FALSE,0,0,3,1,6
3464,FALSE,TRUE,1.33333,163,2,TRUE,FALSE,0,1,3,1,6
3465,FALSE,TRUE,1.33333,681,10,FALSE,FALSE,0,0,3,1,6
3466,FALSE,TRUE,1.33333,625,10,FALSE,FALSE,0,0,3,1,6
3467,FALSE,FALSE,1.77778,91,2,TRUE,TRUE,0,10,4,1,6
3468,FALSE,FALSE,1.77778,71,2,TRUE,TRUE,0,10,4,1,6
3469,FALSE,FALSE,1.77778,34,2,TRUE,TRUE,0,10,4,1,6
3470,FALSE,TRUE,1.33333,1812,2,FALSE,FALSE,2,0,3,1,6
3471,FALSE,TRUE,1.33333,1369,2,FALSE,FALSE,0,0,3,1,6
3472,FALSE,TRUE,1.33333,124,2,FALSE,FALSE,1,2,3,1,5
3473,FALSE,TRUE,1.77778,30,2,FALSE,FALSE,0,7,2,1,5
3474,FALSE,TRUE,1.77778,366,2,TRUE,FALSE,0,0,4,1,5
3475,FALSE,TRUE,1.77778,399,2,TRUE,FALSE,0,0,4,1,5
3476,FALSE,TRUE,1.77778,596,2,TRUE,FALSE,0,0,2,1,5
3477,FALSE,TRUE,1.77778,285,2,TRUE,FALSE,0,0,4,1,5
3478,FALSE,TRUE,1.77778,48,2,FALSE,FALSE,0,10,2,1,5
3479,FALSE,TRUE,1.77778,567,2,TRUE,FALSE,0,0,4,1,5
3480,FALSE,TRUE,1.77778,964,2,FALSE,FALSE,0,10,4,1,5
3481,FALSE,TRUE,1.77778,607,2,TRUE,FALSE,1,0,4,1,5
3482,FALSE,TRUE,1.33333,148,2,FALSE,FALSE,0,6,3,1,5
3483,FALSE,TRUE,1.77778,199,2,TRUE,FALSE,0,0,4,1,5
3484,FALSE,TRUE,1.77778,64,2,TRUE,TRUE,0,2,5,1,5
3485,FALSE,TRUE,1.33333,395,2,TRUE,FALSE,0,0,3,1,5
3486,FALSE,TRUE,1.34783,148,2,TRUE,FALSE,0,0,3,1,5
3487,FALSE,TRUE,1.33333,37,2,TRUE,FALSE,0,2,2,1,5
3488,FALSE,TRUE,1.33333,44,2,TRUE,FALSE,0,2,2,1,5
3489,FALSE,TRUE,1.77778,145,2,FALSE,FALSE,0,7,5,1,5
3490,FALSE,TRUE,1.77778,85,4,FALSE,FALSE,0,0,4,1,4
3491,FALSE,TRUE,1.33333,18,2,FALSE,FALSE,0,7,2,1,4
3492,FALSE,TRUE,1.77273,266,2,FALSE,FALSE,0,4,4,1,4
3493,FALSE,TRUE,1.77778,173,2,FALSE,FALSE,0,9,3,7,6
3494,FALSE,TRUE,1.33333,591,2,FALSE,FALSE,0,0,2,7,6
3495,FALSE,TRUE,1.77778,42,4,FALSE,FALSE,0,9,5,7,6
3496,FALSE,TRUE,1.77778,581,3,TRUE,TRUE,0,2,5,7,6
3497,FALSE,TRUE,1.77778,40,2,FALSE,FALSE,0,1,3,7,6
3498,FALSE,TRUE,1.33333,815,2,FALSE,FALSE,0,8,2,7,6
3499,FALSE,TRUE,1.33333,78,2,FALSE,FALSE,0,5,3,7,6
3500,FALSE,TRUE,1.77778,792,3,TRUE,TRUE,0,2,5,7,6
3501,FALSE,TRUE,1.33333,183,2,FALSE,FALSE,0,0,2,7,6
3502,FALSE,TRUE,1.33333,33,2,FALSE,FALSE,0,10,3,7,6
3503,FALSE,TRUE,1.77778,862,3,TRUE,TRUE,0,2,5,7,6
3504,FALSE,TRUE,1.77778,1459,2,FALSE,FALSE,0,0,3,7,6
3505,FALSE,TRUE,1.77778,315,2,TRUE,FALSE,0,1,4,7,6
3506,FALSE,TRUE,1.77778,12,4,FALSE,FALSE,1,7,4,7,6
3507,FALSE,TRUE,1.77778,56,2,FALSE,FALSE,0,7,3,7,6
3508,FALSE,TRUE,1.22222,451,4,FALSE,FALSE,1,10,2,7,6
3509,FALSE,TRUE,1.77778,193,2,FALSE,FALSE,0,3,4,7,6
3510,FALSE,TRUE,1.76471,1037,3,TRUE,TRUE,0,2,4,7,6
3511,FALSE,TRUE,1.77778,152,2,TRUE,FALSE,0,1,5,7,6
3512,FALSE,TRUE,1.77778,870,3,TRUE,TRUE,0,2,5,7,5
3513,FALSE,TRUE,1.77778,129,2,FALSE,FALSE,0,2,3,7,5
3514,FALSE,TRUE,1,45,2,FALSE,FALSE,0,8,4,7,5
3515,FALSE,TRUE,1.77778,1592,2,FALSE,FALSE,0,0,3,7,5
3516,FALSE,TRUE,1.77778,1740,2,FALSE,FALSE,0,0,3,7,5
3517,FALSE,TRUE,1,45,2,FALSE,FALSE,0,6,4,7,5
3518,FALSE,TRUE,1.77778,113,2,FALSE,FALSE,0,4,4,7,5
3519,FALSE,FALSE,1.33333,62,2,TRUE,TRUE,1,11,3,7,5
3520,FALSE,TRUE,1.77778,237,2,TRUE,TRUE,0,1,4,7,5
3521,FALSE,TRUE,1.34091,1035,2,FALSE,FALSE,0,3,2,7,5
3522,FALSE,TRUE,1.77778,2686,2,FALSE,FALSE,0,0,3,7,5
3523,FALSE,TRUE,2.28571,753,3,FALSE,FALSE,0,0,2,7,5
3524,FALSE,TRUE,1.77778,2259,2,FALSE,FALSE,0,0,3,7,4
3525,FALSE,TRUE,1.76471,137,3,TRUE,TRUE,0,3,3,7,4
3526,FALSE,TRUE,1.33333,294,3,FALSE,FALSE,0,10,3,7,4
3527,FALSE,TRUE,1.33333,263,3,FALSE,FALSE,0,10,3,7,4
3528,FALSE,TRUE,1.33333,294,3,FALSE,FALSE,0,10,3,7,4
3529,FALSE,TRUE,1.33333,100,2,FALSE,FALSE,0,6,3,7,4
3530,FALSE,TRUE,1.77778,154,2,FALSE,FALSE,2,5,3,7,4
3531,FALSE,TRUE,2.28571,219,2,TRUE,FALSE,1,10,5,7,3
3532,FALSE,TRUE,1.33333,1571,5,TRUE,TRUE,0,9,2,7,3
3533,FALSE,TRUE,1.77778,208,2,TRUE,FALSE,2,10,5,7,3
3534,FALSE,TRUE,1.77778,39,4,FALSE,FALSE,0,0,4,7,3
3535,FALSE,TRUE,1.77778,102,2,FALSE,FALSE,3,5,3,7,3
3536,FALSE,TRUE,1.77778,87,3,TRUE,TRUE,0,6,5,7,3
3537,FALSE,TRUE,1.79412,124,2,FALSE,FALSE,0,4,2,7,3
3538,FALSE,TRUE,1.74194,128,2,FALSE,FALSE,0,9,2,7,3
3539,FALSE,TRUE,1.77778,1647,9,FALSE,FALSE,0,3,3,7,3
3540,FALSE,TRUE,1.77778,206,4,FALSE,FALSE,0,1,4,7,2
3541,FALSE,TRUE,1.33333,123,2,FALSE,FALSE,0,6,2,7,2
3542,FALSE,TRUE,1.33333,45,2,FALSE,FALSE,0,8,2,7,2
3543,FALSE,TRUE,1.33333,94,2,FALSE,FALSE,0,10,2,7,2
3544,FALSE,TRUE,1.77778,1825,2,FALSE,FALSE,0,0,3,7,2
3545,FALSE,TRUE,1.77778,205,2,FALSE,FALSE,0,5,4,7,2
3546,FALSE,TRUE,1.76667,78,3,TRUE,TRUE,0,3,4,7,2
3547,FALSE,TRUE,1.76667,96,3,TRUE,TRUE,0,3,4,7,2
3548,FALSE,TRUE,1.77778,154,3,TRUE,TRUE,0,3,1,7,2
3549,FALSE,TRUE,1.77778,86,3,TRUE,TRUE,0,3,4,7,1
3550,FALSE,TRUE,1.77778,59,3,TRUE,TRUE,0,2,4,7,1
3551,FALSE,TRUE,1.77778,81,3,TRUE,TRUE,0,3,4,7,1
3552,FALSE,TRUE,1.77778,1819,9,FALSE,FALSE,0,3,3,7,1
3553,FALSE,TRUE,1.77778,81,3,TRUE,TRUE,0,3,4,7,1
3554,FALSE,TRUE,1.77778,85,3,TRUE,TRUE,0,3,4,7,1
3555,FALSE,TRUE,1.77778,878,3,TRUE,TRUE,0,2,5,7,1
3556,FALSE,TRUE,2.35294,138,3,TRUE,TRUE,0,4,5,7,1
3557,FALSE,TRUE,1.77778,273,2,FALSE,FALSE,0,0,4,7,1
3558,FALSE,TRUE,1.77778,83,2,FALSE,FALSE,0,8,3,7,1
3559,FALSE,TRUE,1.33333,139,2,FALSE,FALSE,0,8,3,7,1
3560,FALSE,TRUE,1.77778,346,2,FALSE,FALSE,1,0,4,7,1
3561,FALSE,TRUE,1.77778,2342,2,FALSE,FALSE,0,0,4,7,1
3562,FALSE,TRUE,1.77778,2342,2,FALSE,FALSE,0,0,4,7,1
3563,FALSE,TRUE,1.77778,2339,2,FALSE,FALSE,0,0,4,7,1
3564,FALSE,TRUE,1.77778,2342,2,FALSE,FALSE,0,0,4,7,1
3565,FALSE,TRUE,1.77778,2343,2,FALSE,FALSE,0,0,4,7,1
3566,FALSE,TRUE,1.77778,2341,2,FALSE,FALSE,0,0,4,7,1
3567,FALSE,TRUE,1.77778,2343,2,FALSE,FALSE,0,0,4,7,1
3568,FALSE,TRUE,1.77778,2343,2,FALSE,FALSE,0,0,4,7,1
3569,FALSE,TRUE,1.77778,2343,2,FALSE,FALSE,0,0,4,7,1
3570,FALSE,TRUE,1.77778,2343,2,FALSE,FALSE,0,0,4,7,1
3571,FALSE,TRUE,1.77778,318,3,TRUE,TRUE,0,2,5,7,1
3572,FALSE,TRUE,1.33333,56,2,FALSE,FALSE,0,0,3,7,1
3573,FALSE,TRUE,1.33333,41,2,FALSE,FALSE,0,0,3,7,1
3574,FALSE,TRUE,1.33333,36,2,FALSE,FALSE,0,0,3,7,1
3575,FALSE,TRUE,1.77778,2343,2,FALSE,FALSE,0,0,4,7,1
3576,FALSE,TRUE,1.77778,2343,2,FALSE,FALSE,0,0,4,7,1
3577,FALSE,TRUE,1.77778,2343,2,FALSE,FALSE,0,0,4,7,1
3578,FALSE,TRUE,1.77778,2343,2,FALSE,FALSE,0,0,4,7,1
3579,FALSE,TRUE,1.77778,80,3,TRUE,TRUE,0,3,5,7,1
3580,FALSE,TRUE,1.77778,2343,2,FALSE,FALSE,0,0,4,7,1
3581,FALSE,TRUE,1.77778,2342,2,FALSE,FALSE,0,0,4,7,1
3582,FALSE,TRUE,1.77778,2342,2,FALSE,FALSE,0,0,4,7,1
3583,FALSE,TRUE,1.77778,2343,2,FALSE,FALSE,0,0,4,7,1
3584,FALSE,TRUE,1.77778,2343,2,FALSE,FALSE,0,0,4,7,1
3585,FALSE,TRUE,1.33333,55,2,FALSE,FALSE,0,0,3,7,1
3586,FALSE,TRUE,1.77778,2342,2,FALSE,FALSE,0,0,4,7,1
3587,FALSE,TRUE,1.77778,2342,2,FALSE,FALSE,0,0,4,7,1
3588,FALSE,TRUE,1.77778,2341,2,FALSE,FALSE,0,0,4,7,1
3589,FALSE,TRUE,1.77778,2340,2,FALSE,FALSE,0,0,4,7,1
3590,FALSE,TRUE,1.77778,2342,2,FALSE,FALSE,0,0,4,7,1
3591,FALSE,TRUE,1.77778,2343,2,FALSE,FALSE,0,0,4,7,1
3592,FALSE,TRUE,1.77778,2342,2,FALSE,FALSE,0,0,4,7,1
3593,FALSE,TRUE,1.77778,2342,2,FALSE,FALSE,0,0,4,7,1
3594,FALSE,TRUE,1.33333,34,2,FALSE,FALSE,0,0,3,7,1
3595,FALSE,TRUE,1.33333,66,2,FALSE,FALSE,0,0,3,7,1
3596,FALSE,TRUE,1.77778,422,3,TRUE,TRUE,0,2,4,7,0
3597,FALSE,TRUE,1.33333,36,2,FALSE,FALSE,0,0,3,7,0
3598,FALSE,TRUE,1.33333,85,2,FALSE,FALSE,0,0,2,7,0
3599,FALSE,TRUE,1.33333,36,2,FALSE,FALSE,0,0,3,7,0
3600,FALSE,TRUE,1.81818,184,3,TRUE,TRUE,0,2,3,7,0
3601,FALSE,TRUE,1.33333,41,2,FALSE,FALSE,0,0,3,7,0
3602,FALSE,TRUE,1.77778,215,2,FALSE,FALSE,0,2,4,7,0
3603,FALSE,TRUE,1.33333,66,2,FALSE,FALSE,0,0,3,7,0
3604,FALSE,TRUE,2.35294,191,3,TRUE,TRUE,0,4,5,7,0
3605,FALSE,TRUE,1.35714,75,2,FALSE,FALSE,0,7,2,7,0
3606,FALSE,TRUE,1.77778,72,2,FALSE,FALSE,0,10,4,7,0
3607,FALSE,TRUE,1.33333,13,2,FALSE,FALSE,0,2,4,7,0
3608,FALSE,TRUE,1.77778,174,2,FALSE,FALSE,0,0,4,6,23
3609,FALSE,TRUE,1.33333,268,2,FALSE,FALSE,0,5,3,6,23
3610,FALSE,TRUE,1.77778,65,3,TRUE,TRUE,0,3,4,6,23
3611,FALSE,TRUE,1.33333,101,2,TRUE,FALSE,0,8,2,6,23
3612,FALSE,TRUE,1.33333,318,2,FALSE,FALSE,0,6,2,6,23
3613,FALSE,TRUE,1.33333,348,2,FALSE,FALSE,0,5,2,6,23
3614,FALSE,TRUE,1.33333,893,2,TRUE,FALSE,0,10,2,6,23
3615,FALSE,TRUE,1.77778,337,2,FALSE,FALSE,1,0,4,6,23
3616,FALSE,TRUE,1.33333,195,2,TRUE,FALSE,0,10,2,6,23
3617,FALSE,TRUE,1.33333,1195,4,FALSE,FALSE,1,4,3,6,23
3618,FALSE,TRUE,1.33333,113,2,TRUE,FALSE,0,8,2,6,23
3619,FALSE,TRUE,1.77778,76,2,FALSE,FALSE,0,7,4,6,23
3620,FALSE,TRUE,1.33333,140,2,TRUE,FALSE,0,9,2,6,23
3621,FALSE,TRUE,1.33333,31,2,TRUE,FALSE,0,7,2,6,23
3622,FALSE,TRUE,1.6,1152,2,FALSE,FALSE,0,0,3,6,23
3623,FALSE,TRUE,1.52381,30,2,FALSE,FALSE,0,10,4,6,23
3624,FALSE,TRUE,1.33333,50,2,TRUE,FALSE,0,8,2,6,23
3625,FALSE,TRUE,1.25,1271,2,FALSE,FALSE,0,0,3,6,23
3626,FALSE,TRUE,1.33333,146,2,FALSE,FALSE,0,7,3,6,22
3627,FALSE,TRUE,1.6,1229,2,FALSE,FALSE,0,0,3,6,22
3628,FALSE,TRUE,1.77778,449,3,TRUE,TRUE,0,2,5,6,22
3629,FALSE,TRUE,1.77778,51,2,FALSE,FALSE,0,1,4,6,22
3630,FALSE,TRUE,1.76471,202,3,TRUE,TRUE,0,6,4,6,22
3631,FALSE,TRUE,1.52381,34,2,FALSE,FALSE,0,10,4,6,22
3632,FALSE,TRUE,1.33333,442,2,FALSE,FALSE,0,1,3,6,22
3633,FALSE,TRUE,1.77778,447,3,TRUE,TRUE,0,2,5,6,22
3634,FALSE,TRUE,1.76471,154,3,TRUE,TRUE,0,3,1,6,22
3635,FALSE,TRUE,2.28571,587,2,TRUE,FALSE,0,3,4,6,22
3636,FALSE,TRUE,1.77778,208,2,FALSE,FALSE,0,1,3,6,22
3637,FALSE,TRUE,1.77778,1246,2,FALSE,FALSE,0,0,3,6,22
3638,FALSE,TRUE,1.77778,1268,2,FALSE,FALSE,0,0,3,6,22
3639,FALSE,TRUE,1.77778,1230,2,FALSE,FALSE,0,0,3,6,22
3640,FALSE,TRUE,1.77778,1228,2,FALSE,FALSE,0,0,3,6,22
3641,FALSE,TRUE,1.77778,472,3,TRUE,TRUE,0,2,5,6,22
3642,FALSE,TRUE,1.77778,265,2,FALSE,FALSE,0,1,3,6,22
3643,FALSE,TRUE,1.77778,1146,2,FALSE,FALSE,0,0,3,6,22
3644,FALSE,TRUE,1.77778,1156,2,FALSE,FALSE,0,0,3,6,22
3645,FALSE,TRUE,1.77778,1151,2,FALSE,FALSE,0,0,3,6,22
3646,FALSE,TRUE,1.77778,123,3,TRUE,TRUE,0,2,5,6,22
3647,FALSE,TRUE,1.33333,199,2,FALSE,FALSE,0,10,3,6,22
3648,FALSE,TRUE,1.77778,248,2,FALSE,FALSE,0,10,4,6,22
3649,FALSE,TRUE,1.33333,85,2,FALSE,FALSE,0,0,3,6,22
3650,FALSE,TRUE,1.33333,67,2,FALSE,FALSE,0,0,3,6,22
3651,FALSE,TRUE,1.33333,134,2,FALSE,FALSE,0,10,3,6,22
3652,FALSE,TRUE,1.81818,86,3,TRUE,TRUE,0,3,3,6,22
3653,FALSE,TRUE,1.22222,761,2,FALSE,FALSE,0,0,2,6,22
3654,FALSE,TRUE,1.77778,51,2,FALSE,FALSE,0,9,3,6,22
3655,FALSE,TRUE,1.33333,540,2,FALSE,FALSE,0,10,3,6,22
3656,FALSE,TRUE,1.33333,631,2,FALSE,FALSE,1,10,3,6,22
3657,FALSE,TRUE,1.77778,93,3,TRUE,TRUE,0,3,4,6,21
3658,FALSE,TRUE,1.22222,743,2,FALSE,FALSE,0,0,2,6,21
3659,FALSE,TRUE,2.28571,226,2,FALSE,FALSE,0,1,5,6,21
3660,FALSE,TRUE,1.77778,101,3,TRUE,TRUE,0,3,4,6,21
3661,FALSE,TRUE,1.33333,631,2,FALSE,FALSE,0,10,3,6,21
3662,FALSE,TRUE,1.33333,601,2,FALSE,FALSE,0,10,3,6,21
3663,FALSE,TRUE,1.77778,360,2,FALSE,FALSE,0,0,3,6,21
3664,FALSE,TRUE,1.76471,1039,3,TRUE,TRUE,0,2,4,6,21
3665,FALSE,TRUE,1.33333,601,2,FALSE,FALSE,1,10,3,6,21
3666,FALSE,TRUE,1.77778,79,2,FALSE,FALSE,0,5,4,6,21
3667,FALSE,TRUE,1.33333,601,2,FALSE,FALSE,1,10,3,6,21
3668,FALSE,TRUE,1.33333,590,2,FALSE,FALSE,2,10,3,6,21
3669,FALSE,TRUE,1.22222,709,2,FALSE,FALSE,0,0,2,6,21
3670,FALSE,TRUE,1.77778,35,3,TRUE,TRUE,0,3,4,6,21
3671,FALSE,TRUE,1.77778,41,3,TRUE,TRUE,0,3,4,6,21
3672,FALSE,TRUE,1.77778,803,3,TRUE,TRUE,0,2,5,6,21
3673,FALSE,TRUE,1.77778,67,2,FALSE,FALSE,0,8,4,6,21
3674,FALSE,TRUE,1.77778,2337,2,FALSE,FALSE,0,9,4,6,21
3675,FALSE,TRUE,2.28571,57,2,FALSE,FALSE,0,10,3,6,21
3676,FALSE,TRUE,1.77778,48,2,FALSE,FALSE,0,8,4,6,21
3677,FALSE,TRUE,1.22222,739,2,FALSE,FALSE,0,0,2,6,21
3678,FALSE,TRUE,1.77778,21,2,FALSE,FALSE,0,5,4,6,21
3679,FALSE,TRUE,1.22222,730,2,FALSE,FALSE,0,0,2,6,21
3680,FALSE,TRUE,1.22222,625,2,FALSE,FALSE,0,0,2,6,21
3681,FALSE,TRUE,1.77778,89,3,TRUE,TRUE,0,5,5,6,21
3682,FALSE,TRUE,1.22222,681,2,FALSE,FALSE,0,0,2,6,21
3683,FALSE,TRUE,1.22222,686,2,FALSE,FALSE,0,0,2,6,21
3684,FALSE,TRUE,1.33333,97,2,FALSE,FALSE,0,10,3,6,20
3685,FALSE,TRUE,1.22222,680,2,FALSE,FALSE,0,0,2,6,20
3686,FALSE,TRUE,1.22222,654,2,FALSE,FALSE,0,0,2,6,20
3687,FALSE,TRUE,1.77778,241,3,TRUE,TRUE,0,2,5,6,20
3688,FALSE,TRUE,1.77778,91,3,TRUE,TRUE,0,3,4,6,20
3689,FALSE,TRUE,1.77778,503,2,TRUE,FALSE,0,10,4,6,20
3690,FALSE,TRUE,1.33333,53,2,FALSE,FALSE,0,10,2,6,20
3691,FALSE,TRUE,1.22222,703,2,FALSE,FALSE,0,0,2,6,20
3692,FALSE,TRUE,1.77778,206,2,FALSE,FALSE,0,0,4,6,20
3693,FALSE,TRUE,1.22222,701,2,FALSE,FALSE,0,0,2,6,20
3694,FALSE,TRUE,1.22222,699,2,FALSE,FALSE,0,0,2,6,20
3695,FALSE,TRUE,1.22222,642,2,FALSE,FALSE,0,0,2,6,20
3696,FALSE,TRUE,1.22222,691,2,FALSE,FALSE,0,0,2,6,20
3697,FALSE,TRUE,1.77778,26,2,TRUE,FALSE,0,1,5,6,20
3698,FALSE,TRUE,1.22222,687,2,FALSE,FALSE,0,0,2,6,20
3699,FALSE,TRUE,1.33333,97,2,FALSE,FALSE,0,9,3,6,20
3700,FALSE,TRUE,1.77778,248,3,TRUE,TRUE,0,2,5,6,20
3701,FALSE,TRUE,1.33333,97,2,FALSE,FALSE,0,8,3,6,20
3702,FALSE,TRUE,1.33333,25,2,FALSE,FALSE,0,6,3,6,20
3703,FALSE,TRUE,1.22222,688,2,FALSE,FALSE,0,1,2,6,20
3704,FALSE,TRUE,1.33333,97,2,FALSE,FALSE,0,8,3,6,20
3705,FALSE,TRUE,1.30769,85,3,TRUE,TRUE,0,3,3,6,20
3706,FALSE,TRUE,1.77778,116,3,TRUE,TRUE,0,3,4,6,20
3707,FALSE,TRUE,1.76471,1085,3,TRUE,TRUE,0,2,4,6,20
3708,FALSE,TRUE,1.33333,254,7,FALSE,FALSE,0,8,2,6,20
3709,FALSE,TRUE,1.77778,2455,2,FALSE,FALSE,1,10,3,6,20
3710,FALSE,TRUE,2.28571,1459,2,TRUE,FALSE,0,1,3,6,20
3711,FALSE,FALSE,1.33333,29,2,TRUE,TRUE,0,13,3,6,20
3712,FALSE,TRUE,2.28571,1464,2,TRUE,FALSE,0,1,3,6,20
3713,FALSE,TRUE,2.28571,1464,2,TRUE,FALSE,0,1,3,6,20
3714,FALSE,TRUE,1.77778,348,2,FALSE,FALSE,0,27,3,6,20
3715,FALSE,TRUE,1.77778,68,3,TRUE,TRUE,0,3,4,6,20
3716,FALSE,TRUE,1.77778,163,2,FALSE,FALSE,0,4,3,6,20
3717,FALSE,TRUE,1.77778,41,2,FALSE,FALSE,0,5,3,6,20
3718,FALSE,TRUE,1.77778,122,2,FALSE,FALSE,0,0,4,6,19
3719,FALSE,TRUE,2.28571,1464,2,TRUE,FALSE,0,1,3,6,19
3720,FALSE,TRUE,1.77778,150,3,TRUE,TRUE,0,2,5,6,19
3721,FALSE,TRUE,1.33333,97,2,FALSE,FALSE,0,7,3,6,19
3722,FALSE,TRUE,1.77778,717,3,TRUE,TRUE,0,2,5,6,19
3723,FALSE,TRUE,2.28571,1463,2,TRUE,FALSE,0,1,3,6,19
3724,FALSE,TRUE,1.33333,97,2,FALSE,FALSE,0,9,3,6,19
3725,FALSE,TRUE,1.76471,159,3,TRUE,TRUE,0,3,3,6,19
3726,FALSE,TRUE,1.76471,862,3,TRUE,TRUE,0,2,4,6,19
3727,FALSE,TRUE,1.77778,30,2,FALSE,FALSE,0,0,4,6,19
3728,FALSE,TRUE,2.28571,2439,2,TRUE,FALSE,0,1,3,6,19
3729,FALSE,TRUE,1.77778,31,2,FALSE,FALSE,0,6,3,6,19
3730,FALSE,TRUE,1.33333,15,2,FALSE,FALSE,0,8,2,6,19
3731,FALSE,TRUE,1.78571,213,2,FALSE,FALSE,0,6,2,6,19
3732,FALSE,TRUE,1.33333,164,2,FALSE,FALSE,0,7,2,6,19
3733,FALSE,TRUE,1.77778,485,3,TRUE,TRUE,0,2,5,6,19
3734,FALSE,TRUE,1.72414,278,2,FALSE,FALSE,0,4,2,6,19
3735,FALSE,TRUE,1.22222,194,2,FALSE,FALSE,0,6,2,6,19
3736,FALSE,TRUE,1.33333,351,2,FALSE,FALSE,0,9,2,6,19
3737,FALSE,TRUE,1.72414,301,2,FALSE,FALSE,0,5,2,6,19
3738,FALSE,TRUE,1.33333,66,2,FALSE,FALSE,0,4,2,6,19
3739,FALSE,TRUE,1.72414,57,2,FALSE,FALSE,0,4,2,6,19
3740,FALSE,TRUE,1.72414,381,2,FALSE,FALSE,0,8,2,6,19
3741,FALSE,TRUE,1.77778,137,2,FALSE,FALSE,1,0,3,6,19
3742,FALSE,TRUE,1.72414,93,2,FALSE,FALSE,0,5,2,6,19
3743,FALSE,TRUE,1.72414,508,2,FALSE,FALSE,0,9,2,6,19
3744,FALSE,TRUE,1.72414,204,2,FALSE,FALSE,0,5,2,6,19
3745,FALSE,TRUE,1.33333,743,2,FALSE,FALSE,0,10,3,6,19
3746,FALSE,TRUE,1.72414,63,2,FALSE,FALSE,0,4,2,6,19
3747,FALSE,TRUE,1.33333,171,2,FALSE,FALSE,0,5,2,6,19
3748,FALSE,TRUE,1.72414,221,2,FALSE,FALSE,2,4,2,6,19
3749,FALSE,TRUE,1.72414,82,2,FALSE,FALSE,0,5,2,6,19
3750,FALSE,TRUE,1.77778,210,2,FALSE,FALSE,0,10,3,6,19
3751,FALSE,TRUE,1.72414,54,2,FALSE,FALSE,0,7,2,6,19
3752,FALSE,TRUE,1.33333,271,2,FALSE,FALSE,0,6,2,6,19
3753,FALSE,TRUE,1.77778,1162,3,TRUE,TRUE,0,3,4,6,19
3754,FALSE,TRUE,1.72414,290,2,FALSE,FALSE,0,6,2,6,19
3755,FALSE,TRUE,1.72414,47,2,FALSE,FALSE,0,6,2,6,19
3756,FALSE,TRUE,1.72414,71,2,FALSE,FALSE,0,4,2,6,19
3757,FALSE,TRUE,1.72414,232,2,FALSE,FALSE,0,4,2,6,19
3758,FALSE,TRUE,1.72414,301,2,FALSE,FALSE,0,4,2,6,19
3759,FALSE,TRUE,1.72414,75,2,FALSE,FALSE,0,4,2,6,19
3760,FALSE,TRUE,1.48148,286,2,FALSE,FALSE,0,5,2,6,19
3761,FALSE,TRUE,1.77778,603,2,FALSE,FALSE,0,8,4,6,19
3762,FALSE,TRUE,1.77778,61,3,TRUE,TRUE,0,4,4,6,19
3763,FALSE,TRUE,1.77778,237,2,TRUE,TRUE,0,10,4,6,19
3764,FALSE,TRUE,1.77778,161,2,TRUE,FALSE,0,13,3,6,19
3765,FALSE,TRUE,1.77778,148,2,TRUE,FALSE,0,11,3,6,19
3766,FALSE,TRUE,1.76471,79,2,TRUE,TRUE,0,4,2,6,19
3767,FALSE,TRUE,1.33333,901,2,FALSE,FALSE,1,10,3,6,19
3768,FALSE,TRUE,1.76471,219,2,TRUE,TRUE,0,4,2,6,19
3769,FALSE,TRUE,1.76471,77,2,TRUE,TRUE,0,4,2,6,19
3770,FALSE,TRUE,1.76471,42,2,TRUE,TRUE,0,4,2,6,19
3771,FALSE,TRUE,1.76471,182,2,TRUE,TRUE,0,5,2,6,19
3772,FALSE,TRUE,1.76471,213,2,TRUE,TRUE,0,4,2,6,19
3773,FALSE,TRUE,1.76471,39,2,TRUE,TRUE,1,4,2,6,19
3774,FALSE,TRUE,1.77778,1065,3,TRUE,TRUE,0,2,5,6,19
3775,FALSE,TRUE,2.28571,751,3,FALSE,FALSE,0,0,2,6,19
3776,FALSE,TRUE,1.77778,172,2,FALSE,FALSE,1,7,4,6,19
3777,FALSE,TRUE,1.48148,53,2,FALSE,FALSE,0,5,2,6,19
3778,FALSE,TRUE,1.33333,41,2,FALSE,FALSE,0,5,2,6,19
3779,FALSE,TRUE,1.34483,37,2,FALSE,FALSE,0,4,2,6,19
3780,FALSE,TRUE,1.72414,183,2,FALSE,FALSE,0,5,2,6,19
3781,FALSE,TRUE,1.33333,114,2,FALSE,FALSE,0,5,2,6,19
3782,FALSE,TRUE,1.48148,90,2,FALSE,FALSE,0,5,2,6,19
3783,FALSE,TRUE,1.35714,72,2,FALSE,FALSE,0,4,2,6,19
3784,FALSE,TRUE,1.33333,197,2,FALSE,FALSE,0,7,2,6,19
3785,FALSE,TRUE,1.77778,92,2,FALSE,FALSE,0,4,3,6,19
3786,FALSE,TRUE,1.33333,719,2,FALSE,FALSE,0,4,2,6,19
3787,FALSE,TRUE,1.33333,230,2,FALSE,FALSE,0,5,2,6,19
3788,FALSE,TRUE,1.33333,86,2,FALSE,FALSE,0,7,3,6,19
3789,FALSE,TRUE,1.33333,395,2,FALSE,FALSE,0,9,2,6,19
3790,FALSE,TRUE,1.45455,530,2,FALSE,FALSE,0,4,3,6,18
3791,FALSE,TRUE,1.33333,581,2,FALSE,FALSE,0,4,2,6,18
3792,FALSE,TRUE,1.33333,70,2,FALSE,FALSE,0,4,2,6,18
3793,FALSE,TRUE,1.72414,497,2,FALSE,FALSE,0,4,2,6,18
3794,FALSE,TRUE,1.73913,136,2,FALSE,FALSE,0,5,2,6,18
3795,FALSE,TRUE,1.77778,211,3,TRUE,TRUE,0,2,5,6,18
3796,FALSE,TRUE,1.33333,900,2,FALSE,FALSE,0,10,3,6,18
3797,FALSE,TRUE,1.3,277,2,FALSE,FALSE,0,5,2,6,18
3798,FALSE,TRUE,1.72414,278,2,FALSE,FALSE,0,4,2,6,18
3799,FALSE,TRUE,1.72414,42,2,FALSE,FALSE,0,5,2,6,18
3800,FALSE,TRUE,1.33333,146,2,FALSE,FALSE,0,5,2,6,18
3801,FALSE,TRUE,1.33333,357,2,FALSE,FALSE,0,4,2,6,18
3802,FALSE,TRUE,1.75,479,2,FALSE,FALSE,0,5,2,6,18
3803,FALSE,TRUE,1.48837,498,2,FALSE,FALSE,0,5,3,6,18
3804,FALSE,TRUE,1.77778,114,3,TRUE,TRUE,0,2,5,6,18
3805,FALSE,TRUE,1.77778,343,2,FALSE,FALSE,0,10,4,6,18
3806,FALSE,TRUE,1.72414,345,2,FALSE,FALSE,0,5,2,6,18
3807,FALSE,TRUE,1.72414,86,2,FALSE,FALSE,0,5,2,6,18
3808,FALSE,TRUE,1.33333,349,2,FALSE,FALSE,0,4,2,6,18
3809,FALSE,TRUE,1.73913,100,2,FALSE,FALSE,0,6,2,6,18
3810,FALSE,TRUE,1.72414,141,2,FALSE,FALSE,0,4,2,6,18
3811,FALSE,TRUE,1.33333,158,2,FALSE,FALSE,0,5,2,6,18
3812,FALSE,TRUE,1.33333,79,2,FALSE,FALSE,0,5,2,6,18
3813,FALSE,TRUE,1.72414,133,2,FALSE,FALSE,0,5,2,6,18
3814,FALSE,TRUE,1.33333,482,2,FALSE,FALSE,0,6,2,6,18
3815,FALSE,TRUE,1.33333,901,2,FALSE,FALSE,0,10,3,6,18
3816,FALSE,TRUE,1.72414,94,2,FALSE,FALSE,0,5,2,6,18
3817,FALSE,TRUE,1.33333,51,2,FALSE,FALSE,0,5,2,6,18
3818,FALSE,TRUE,1.72414,203,2,FALSE,FALSE,0,6,2,6,18
3819,FALSE,TRUE,1.72414,94,2,FALSE,FALSE,0,7,2,6,18
3820,FALSE,TRUE,1.72414,98,2,FALSE,FALSE,0,7,2,6,18
3821,FALSE,TRUE,1.33333,499,2,FALSE,FALSE,0,4,2,6,18
3822,FALSE,TRUE,1.72414,443,2,FALSE,FALSE,0,3,2,6,18
3823,FALSE,TRUE,1.72414,180,2,FALSE,FALSE,0,5,2,6,18
3824,FALSE,TRUE,1.48148,260,2,FALSE,FALSE,0,8,2,6,18
3825,FALSE,TRUE,1.72414,565,2,FALSE,FALSE,0,4,2,6,18
3826,FALSE,TRUE,1.72414,282,2,FALSE,FALSE,0,5,2,6,18
3827,FALSE,TRUE,1.72414,291,2,FALSE,FALSE,0,4,2,6,18
3828,FALSE,TRUE,1.72414,346,2,FALSE,FALSE,0,7,2,6,18
3829,FALSE,TRUE,1.72414,146,2,FALSE,FALSE,0,5,2,6,18
3830,FALSE,TRUE,1.72414,514,2,FALSE,FALSE,1,6,2,6,18
3831,FALSE,TRUE,1.77778,441,2,FALSE,FALSE,0,5,3,6,18
3832,FALSE,TRUE,1.48837,697,2,FALSE,FALSE,2,10,3,6,18
3833,FALSE,TRUE,1.72414,235,2,FALSE,FALSE,0,4,2,6,18
3834,FALSE,TRUE,1.72414,228,2,FALSE,FALSE,0,5,2,6,18
3835,FALSE,TRUE,1.72414,46,2,FALSE,FALSE,0,5,2,6,18
3836,FALSE,TRUE,1.33333,331,2,FALSE,FALSE,2,9,2,6,18
3837,FALSE,TRUE,1.33333,376,2,FALSE,FALSE,0,4,2,6,18
3838,FALSE,TRUE,1.72414,499,2,FALSE,FALSE,0,8,2,6,18
3839,FALSE,TRUE,1.33333,86,2,FALSE,FALSE,0,4,2,6,18
3840,FALSE,TRUE,1.33333,478,2,FALSE,FALSE,0,1,3,6,18
3841,FALSE,TRUE,1.33333,900,2,FALSE,FALSE,1,10,3,6,18
3842,FALSE,TRUE,1.77778,87,3,TRUE,TRUE,0,3,4,6,18
3843,FALSE,TRUE,1.77778,161,2,TRUE,TRUE,1,14,5,6,18
3844,FALSE,TRUE,1.77778,115,3,TRUE,TRUE,0,3,4,6,18
3845,FALSE,TRUE,1.77778,1080,3,TRUE,TRUE,0,2,5,6,18
3846,FALSE,TRUE,1.81818,120,3,TRUE,TRUE,0,3,3,6,18
3847,FALSE,TRUE,1.77778,265,2,FALSE,FALSE,0,10,4,6,18
3848,FALSE,TRUE,1.72414,74,2,FALSE,FALSE,0,4,2,6,18
3849,FALSE,TRUE,1.77778,161,2,FALSE,FALSE,0,10,4,6,18
3850,FALSE,TRUE,1.72414,272,2,FALSE,FALSE,0,4,2,6,18
3851,FALSE,TRUE,1.72414,35,2,FALSE,FALSE,1,6,2,6,17
3852,FALSE,TRUE,1.72414,119,2,FALSE,FALSE,0,4,2,6,17
3853,FALSE,TRUE,1.72414,221,2,FALSE,FALSE,0,5,2,6,17
3854,FALSE,TRUE,1.48148,316,2,FALSE,FALSE,0,4,2,6,17
3855,FALSE,TRUE,1.73913,289,2,FALSE,FALSE,0,5,2,6,17
3856,FALSE,TRUE,1.72414,138,2,FALSE,FALSE,1,4,2,6,17
3857,FALSE,TRUE,1.72414,237,2,FALSE,FALSE,0,6,2,6,17
3858,FALSE,TRUE,1.72414,190,2,FALSE,FALSE,0,5,2,6,17
3859,FALSE,TRUE,1.33333,327,2,FALSE,FALSE,1,2,3,6,17
3860,FALSE,TRUE,1.77778,82,3,TRUE,TRUE,0,3,4,6,17
3861,FALSE,TRUE,1.81818,84,3,TRUE,TRUE,0,3,3,6,17
3862,FALSE,TRUE,1.48837,97,2,FALSE,FALSE,0,4,3,6,17
3863,FALSE,TRUE,1.33333,71,2,FALSE,FALSE,0,10,2,6,17
3864,FALSE,TRUE,1.73913,51,2,FALSE,FALSE,0,5,2,6,17
3865,FALSE,TRUE,1.48148,203,2,FALSE,FALSE,0,5,2,6,17
3866,FALSE,TRUE,1.48148,167,2,FALSE,FALSE,0,5,2,6,17
3867,FALSE,TRUE,1.48148,173,2,FALSE,FALSE,0,4,2,6,17
3868,FALSE,TRUE,1.72414,209,2,FALSE,FALSE,0,5,2,6,17
3869,FALSE,TRUE,1.48148,166,2,FALSE,FALSE,0,5,2,6,17
3870,FALSE,TRUE,1.73913,198,2,FALSE,FALSE,0,6,2,6,17
3871,FALSE,TRUE,1.72414,181,2,FALSE,FALSE,0,4,2,6,17
3872,FALSE,TRUE,1.72414,149,2,FALSE,FALSE,0,6,2,6,17
3873,FALSE,TRUE,1.72414,204,2,FALSE,FALSE,0,5,2,6,17
3874,FALSE,TRUE,1.72414,158,2,FALSE,FALSE,0,6,2,6,17
3875,FALSE,TRUE,1.48148,208,2,FALSE,FALSE,0,6,2,6,17
3876,FALSE,TRUE,1.48148,340,2,FALSE,FALSE,0,5,2,6,17
3877,FALSE,TRUE,1.51111,43,3,TRUE,TRUE,0,3,4,6,17
3878,FALSE,TRUE,1.72414,217,2,FALSE,FALSE,0,4,2,6,17
3879,FALSE,TRUE,1.72414,128,2,FALSE,FALSE,0,5,2,6,17
3880,FALSE,TRUE,1.81818,29,3,TRUE,TRUE,0,3,3,6,17
3881,FALSE,TRUE,1.33333,65,2,FALSE,FALSE,0,6,3,6,17
3882,FALSE,TRUE,1.77778,58,3,TRUE,TRUE,0,3,1,6,17
3883,FALSE,TRUE,1.76471,69,3,TRUE,TRUE,0,3,3,6,17
3884,FALSE,TRUE,1.77778,543,2,FALSE,FALSE,0,5,3,6,17
3885,FALSE,TRUE,1.77778,723,3,TRUE,TRUE,0,2,5,6,17
3886,FALSE,TRUE,1.77778,609,2,TRUE,TRUE,0,10,0,6,17
3887,FALSE,TRUE,1.46667,60,2,FALSE,FALSE,0,7,2,6,17
3888,FALSE,TRUE,1.46667,60,2,FALSE,FALSE,0,7,2,6,17
3889,FALSE,TRUE,1.77778,71,7,FALSE,FALSE,1,3,2,6,17
3890,FALSE,TRUE,1.77778,939,3,TRUE,TRUE,0,2,5,6,17
3891,FALSE,TRUE,1.77778,861,3,TRUE,TRUE,0,2,5,6,17
3892,FALSE,TRUE,1.72973,526,2,FALSE,FALSE,0,4,3,6,16
3893,FALSE,TRUE,1.6,157,2,FALSE,FALSE,0,6,3,6,16
3894,FALSE,TRUE,1.77778,1244,2,FALSE,FALSE,0,1,3,6,16
3895,FALSE,TRUE,1.77778,232,2,FALSE,FALSE,0,1,3,6,16
3896,FALSE,TRUE,1.77778,31,3,TRUE,TRUE,0,3,4,6,16
3897,FALSE,TRUE,1.77778,456,3,TRUE,TRUE,0,3,5,6,16
3898,FALSE,TRUE,1.81818,146,3,TRUE,TRUE,0,3,3,6,16
3899,FALSE,TRUE,1.33333,59,2,FALSE,FALSE,0,7,2,6,16
3900,FALSE,TRUE,1.22222,296,7,FALSE,FALSE,0,4,2,6,16
3901,FALSE,TRUE,1.6,126,2,FALSE,FALSE,0,6,3,6,16
3902,FALSE,TRUE,1.33333,64,7,FALSE,FALSE,1,6,2,6,16
3903,FALSE,TRUE,1.77778,228,2,FALSE,FALSE,0,9,4,6,16
3904,FALSE,TRUE,1.48837,2072,2,FALSE,FALSE,0,2,2,6,16
3905,FALSE,TRUE,1.48837,2071,2,FALSE,FALSE,0,2,2,6,16
3906,FALSE,TRUE,1.77778,1007,3,TRUE,TRUE,0,2,5,6,16
3907,FALSE,TRUE,1.77778,53,3,TRUE,TRUE,0,3,4,6,16
3908,FALSE,TRUE,1.77778,56,2,TRUE,TRUE,0,7,5,6,16
3909,FALSE,TRUE,1.77778,938,3,TRUE,TRUE,0,2,5,6,15
3910,FALSE,TRUE,1.77778,993,2,FALSE,FALSE,1,0,3,6,15
3911,FALSE,TRUE,1.77778,15,2,FALSE,FALSE,0,8,3,6,15
3912,FALSE,TRUE,1.77778,291,2,FALSE,FALSE,0,1,4,6,15
3913,FALSE,TRUE,1.77778,57,2,FALSE,FALSE,1,5,3,6,15
3914,FALSE,TRUE,1.77778,66,2,FALSE,FALSE,0,10,3,6,15
3915,FALSE,TRUE,1.77778,831,3,TRUE,TRUE,0,2,5,6,15
3916,FALSE,TRUE,1.77778,59,2,FALSE,FALSE,3,4,3,6,15
3917,FALSE,FALSE,1.33333,42,2,TRUE,TRUE,0,13,3,6,15
3918,FALSE,TRUE,1.77778,57,2,FALSE,FALSE,1,9,4,6,15
3919,FALSE,TRUE,1.77778,340,3,TRUE,TRUE,0,2,5,6,15
3920,FALSE,TRUE,1.33333,85,2,FALSE,FALSE,0,10,3,6,15
3921,FALSE,TRUE,1.77778,40,2,FALSE,FALSE,0,9,4,6,15
3922,FALSE,TRUE,1.77778,89,3,TRUE,TRUE,0,3,4,6,15
3923,FALSE,TRUE,1.77778,802,3,TRUE,TRUE,0,2,5,6,15
3924,FALSE,FALSE,1.33333,43,2,TRUE,TRUE,0,11,3,6,15
3925,FALSE,TRUE,1.77778,225,2,FALSE,FALSE,0,0,3,6,15
3926,FALSE,TRUE,1.48837,1500,2,FALSE,FALSE,0,2,2,6,15
3927,FALSE,TRUE,1.76471,758,3,TRUE,TRUE,0,2,4,6,15
3928,FALSE,TRUE,1.77778,346,2,FALSE,FALSE,0,0,3,6,15
3929,FALSE,TRUE,2.28571,212,2,TRUE,FALSE,2,6,5,6,15
3930,FALSE,TRUE,1.33333,37,2,FALSE,FALSE,0,0,2,6,15
3931,FALSE,TRUE,1.48837,1860,2,FALSE,FALSE,3,8,2,6,15
3932,FALSE,TRUE,1.77778,57,2,TRUE,TRUE,6,8,5,6,15
3933,FALSE,TRUE,1.77778,185,2,TRUE,FALSE,1,2,5,6,15
3934,FALSE,TRUE,1.77778,308,2,FALSE,FALSE,0,1,4,6,14
3935,FALSE,TRUE,1.77778,149,3,TRUE,TRUE,0,3,5,6,14
3936,FALSE,TRUE,1.33333,119,2,FALSE,FALSE,0,1,3,6,14
3937,FALSE,TRUE,1.33333,600,2,FALSE,FALSE,0,10,3,6,14
3938,FALSE,TRUE,1.76471,1219,3,TRUE,TRUE,0,2,4,6,14
3939,FALSE,FALSE,1.33333,55,2,TRUE,TRUE,0,12,3,6,14
3940,FALSE,TRUE,1.77778,285,2,FALSE,FALSE,0,3,4,6,14
3941,FALSE,TRUE,1.33333,219,2,TRUE,FALSE,0,1,2,6,14
3942,FALSE,TRUE,1.77778,926,3,TRUE,TRUE,0,2,5,6,14
3943,FALSE,TRUE,1.77778,139,2,FALSE,FALSE,1,0,4,6,14
3944,FALSE,TRUE,1.48837,403,2,FALSE,FALSE,3,10,3,6,14
3945,FALSE,TRUE,1.77778,132,2,TRUE,FALSE,1,10,5,6,14
3946,FALSE,TRUE,1.77778,153,2,FALSE,FALSE,0,11,4,6,14
3947,FALSE,TRUE,1.77778,158,2,FALSE,FALSE,0,7,4,6,14
3948,FALSE,TRUE,1.33333,369,2,FALSE,FALSE,1,6,3,6,14
3949,FALSE,TRUE,1.33333,80,2,FALSE,FALSE,0,3,2,6,14
3950,FALSE,TRUE,1.77778,1716,2,FALSE,FALSE,0,7,3,6,14
3951,FALSE,TRUE,1.77778,30,2,FALSE,FALSE,0,10,4,6,14
3952,FALSE,TRUE,1.33333,91,2,FALSE,FALSE,0,1,2,6,14
3953,FALSE,TRUE,1.33333,112,2,FALSE,FALSE,0,2,2,6,14
3954,FALSE,TRUE,1.79412,340,2,FALSE,FALSE,0,4,2,6,14
3955,FALSE,TRUE,1.77778,1117,3,TRUE,TRUE,0,2,5,6,14
3956,FALSE,TRUE,1.77778,49,2,FALSE,FALSE,0,10,4,6,14
3957,FALSE,TRUE,1.33333,45,2,FALSE,FALSE,0,10,4,6,14
3958,FALSE,TRUE,1.33333,102,2,FALSE,FALSE,0,3,2,6,14
3959,FALSE,TRUE,1.77778,61,3,TRUE,TRUE,0,3,4,6,14
3960,FALSE,TRUE,1.77778,46,2,TRUE,TRUE,0,18,5,6,14
3961,FALSE,TRUE,1.33333,45,2,FALSE,FALSE,0,10,4,6,14
3962,FALSE,TRUE,1.33333,39,2,FALSE,FALSE,0,5,3,6,13
3963,FALSE,TRUE,1.33333,39,2,FALSE,FALSE,0,10,4,6,13
3964,FALSE,TRUE,1.33333,240,2,FALSE,FALSE,0,0,3,6,13
3965,FALSE,TRUE,1.77778,114,2,FALSE,FALSE,0,13,3,6,13
3966,FALSE,TRUE,1.33333,43,2,FALSE,FALSE,0,10,4,6,13
3967,FALSE,TRUE,1.77778,257,3,TRUE,TRUE,0,2,3,6,13
3968,FALSE,TRUE,1.33333,60,2,FALSE,FALSE,0,1,2,6,13
3969,FALSE,TRUE,1.73913,234,2,FALSE,FALSE,0,1,2,6,13
3970,FALSE,TRUE,1.77778,142,2,FALSE,FALSE,0,10,3,6,13
3971,FALSE,TRUE,1.33333,260,2,FALSE,FALSE,1,8,2,6,13
3972,FALSE,TRUE,1.33333,45,2,FALSE,FALSE,0,10,4,6,13
3973,FALSE,TRUE,1.73913,1862,4,FALSE,FALSE,0,9,2,6,13
3974,FALSE,TRUE,1.33333,370,2,FALSE,FALSE,2,7,2,6,13
3975,FALSE,TRUE,1.77778,177,2,FALSE,FALSE,0,1,3,6,13
3976,FALSE,TRUE,1.77778,49,3,TRUE,TRUE,0,2,4,6,13
3977,FALSE,TRUE,1.77778,65,3,TRUE,TRUE,0,2,4,6,13
3978,FALSE,TRUE,1.77778,105,2,FALSE,FALSE,0,2,4,6,13
3979,FALSE,TRUE,1.77778,44,3,TRUE,TRUE,0,2,4,6,13
3980,FALSE,TRUE,1.33333,279,2,FALSE,FALSE,2,7,2,6,13
3981,FALSE,TRUE,1.33333,35,2,FALSE,FALSE,0,10,4,6,13
3982,FALSE,TRUE,1.77778,46,3,TRUE,TRUE,0,2,4,6,13
3983,FALSE,TRUE,1.33333,91,2,FALSE,FALSE,0,1,2,6,13
3984,FALSE,TRUE,1.77778,72,3,TRUE,TRUE,0,2,4,6,13
3985,FALSE,TRUE,1.33333,82,7,FALSE,FALSE,0,9,3,6,13
3986,FALSE,TRUE,1.34091,88,2,FALSE,FALSE,0,4,3,6,13
